title,link
EP01 รักรสโอชาแห่งฉางอัน (พากย์ไทย),https://wetv.vip/th/play/n6ihq5rynbdi1ae/b4101fq016y
EP02 รักรสโอชาแห่งฉางอัน (พากย์ไทย),https://wetv.vip/th/play/n6ihq5rynbdi1ae/f4101axqgra
EP03 รักรสโอชาแห่งฉางอัน (พากย์ไทย),https://wetv.vip/th/play/n6ihq5rynbdi1ae/y4101c3sjuw
EP04 รักรสโอชาแห่งฉางอัน (พากย์ไทย),https://wetv.vip/th/play/n6ihq5rynbdi1ae/t4101jyyohx
EP05 รักรสโอชาแห่งฉางอัน (พากย์ไทย),https://wetv.vip/th/play/n6ihq5rynbdi1ae/g4101hkl8jg
EP06 รักรสโอชาแห่งฉางอัน (พากย์ไทย),https://wetv.vip/th/play/n6ihq5rynbdi1ae/x4101ktj191
EP07 รักรสโอชาแห่งฉางอัน (พากย์ไทย),https://wetv.vip/th/play/n6ihq5rynbdi1ae/e4101b07x32
EP08 รักรสโอชาแห่งฉางอัน (พากย์ไทย),https://wetv.vip/th/play/n6ihq5rynbdi1ae/d4101tq0dop
EP09 รักรสโอชาแห่งฉางอัน (พากย์ไทย),https://wetv.vip/th/play/n6ihq5rynbdi1ae/w4101eel3fu
EP10 รักรสโอชาแห่งฉางอัน (พากย์ไทย),https://wetv.vip/th/play/n6ihq5rynbdi1ae/h4101a1hses
EP11 รักรสโอชาแห่งฉางอัน (พากย์ไทย),https://wetv.vip/th/play/n6ihq5rynbdi1ae/u410183i3ys
EP12 รักรสโอชาแห่งฉางอัน (พากย์ไทย),https://wetv.vip/th/play/n6ihq5rynbdi1ae/f4101gkuwpd
EP13 รักรสโอชาแห่งฉางอัน (พากย์ไทย),https://wetv.vip/th/play/n6ihq5rynbdi1ae/x41010cawp9
EP14 รักรสโอชาแห่งฉางอัน (พากย์ไทย),https://wetv.vip/th/play/n6ihq5rynbdi1ae/x4101wr3yoa
EP15 รักรสโอชาแห่งฉางอัน (พากย์ไทย),https://wetv.vip/th/play/n6ihq5rynbdi1ae/b4101rzc634
EP16 รักรสโอชาแห่งฉางอัน (พากย์ไทย),https://wetv.vip/th/play/n6ihq5rynbdi1ae/l4101x5t167
EP17 รักรสโอชาแห่งฉางอัน (พากย์ไทย),https://wetv.vip/th/play/n6ihq5rynbdi1ae/o4101qlo0r4
EP18 รักรสโอชาแห่งฉางอัน (พากย์ไทย),https://wetv.vip/th/play/n6ihq5rynbdi1ae/r4101kj55ba
EP19 รักรสโอชาแห่งฉางอัน (พากย์ไทย),https://wetv.vip/th/play/n6ihq5rynbdi1ae/a4101d6hz2e
EP20 รักรสโอชาแห่งฉางอัน (พากย์ไทย),https://wetv.vip/th/play/n6ihq5rynbdi1ae/a4101972l5p
EP21 รักรสโอชาแห่งฉางอัน (พากย์ไทย),https://wetv.vip/th/play/n6ihq5rynbdi1ae/u4101m0zure
EP22 รักรสโอชาแห่งฉางอัน (พากย์ไทย),https://wetv.vip/th/play/n6ihq5rynbdi1ae/s4101x58wnr
EP23 รักรสโอชาแห่งฉางอัน (พากย์ไทย),https://wetv.vip/th/play/n6ihq5rynbdi1ae/j41019chzrk
EP24 รักรสโอชาแห่งฉางอัน (พากย์ไทย),https://wetv.vip/th/play/n6ihq5rynbdi1ae/w4101j5lbmo
EP25 รักรสโอชาแห่งฉางอัน (พากย์ไทย),https://wetv.vip/th/play/n6ihq5rynbdi1ae/y4101rtv3bf
EP26 รักรสโอชาแห่งฉางอัน (พากย์ไทย),https://wetv.vip/th/play/n6ihq5rynbdi1ae/p4101c972f8
EP27 รักรสโอชาแห่งฉางอัน (พากย์ไทย),https://wetv.vip/th/play/n6ihq5rynbdi1ae/u4101opgwe6
EP28 รักรสโอชาแห่งฉางอัน (พากย์ไทย),https://wetv.vip/th/play/n6ihq5rynbdi1ae/o41019rimp2
EP29 รักรสโอชาแห่งฉางอัน (พากย์ไทย),https://wetv.vip/th/play/n6ihq5rynbdi1ae/i4101174hbz
EP30 รักรสโอชาแห่งฉางอัน (พากย์ไทย),https://wetv.vip/th/play/n6ihq5rynbdi1ae/w410149ff5s
EP31 รักรสโอชาแห่งฉางอัน (พากย์ไทย),https://wetv.vip/th/play/n6ihq5rynbdi1ae/b4101aaumr3
EP32 รักรสโอชาแห่งฉางอัน (พากย์ไทย),https://wetv.vip/th/play/n6ihq5rynbdi1ae/t4101brck3z
